Area,Centroid_1,Centroid_2,BoundingBox_1,BoundingBox_2,BoundingBox_3,BoundingBox_4,cellID,z
732848,1162.89787786826,248.662740431849,0.5,0.5,2048,1168,1,2
5872,31.8188010899183,333.944141689373,0.5,284.5,68,104,2,2
3712,20.7931034482759,439.327586206897,0.5,388.5,52,100,3,2
8048,51.5497017892644,515.597415506958,0.5,464.5,100,104,4,2
0,NaN,NaN,0.5,0.5,0,0,5,2
119824,182.470623581253,825.242689277607,0.5,544.5,424,508,6,2
9344,37.4794520547945,1108.97945205479,0.5,1044.5,100,144,7,2
6800,38.1141176470588,1227.57294117647,0.5,1176.5,88,104,8,2
18928,107.943786982249,1282.53043110735,0.5,1208.5,212,144,9,2
10400,56.0692307692308,1391.07846153846,0.5,1336.5,120,108,10,2
4096,17.1875,1484.25,0.5,1420.5,44,132,11,2
3728,13.81330472103,1615.58154506438,0.5,1548.5,32,148,12,2
6576,29.3710462287105,1751.86253041363,0.5,1692.5,76,128,13,2
7504,24.9733475479744,1896.48720682303,0.5,1816.5,56,164,14,2
4832,34.341059602649,2015.00331125828,0.5,1964.5,76,84,15,2
10832,64.4025110782866,1644.87518463811,20.5,1552.5,108,168,16,2
8544,82.7921348314607,413.338951310861,24.5,360.5,124,108,17,2
7856,91.7871690427699,1019.37983706721,28.5,964.5,112,112,18,2
8064,71.9523809523809,1496.80158730159,28.5,1440.5,96,112,19,2
7600,82.5842105263158,1805.00947368421,28.5,1740.5,104,112,20,2
3408,75.1384976525822,1972.11502347418,36.5,1944.5,80,72,21,2
5104,86.4623824451411,1144.98275862069,48.5,1092.5,80,112,22,2
8352,97.1130268199234,1899.72605363985,48.5,1848.5,108,108,23,2
5024,89.4808917197452,942.321656050955,52.5,900.5,84,80,24,2
6016,104.702127659574,320.159574468085,64.5,272.5,88,96,25,2
4784,108.69397993311,583.021739130435,64.5,540.5,84,80,26,2
8416,122.598859315589,1602.07414448669,64.5,1536.5,124,140,27,2
14256,169.965768799102,1707.05667789001,72.5,1644.5,192,124,28,2
5552,113.670028818444,651.652737752161,76.5,612.5,80,84,29,2
6016,127.276595744681,2019.87234042553,76.5,1972.5,128,76,30,2
10048,144.410828025478,497.697452229299,88.5,432.5,116,128,31,2
0,NaN,NaN,0.5,0.5,0,0,32,2
6512,139.757985257985,1177.57616707617,88.5,1120.5,92,100,33,2
8688,166.581031307551,1541.49815837937,96.5,1492.5,140,100,34,2
8880,167.011711711712,1089.82972972973,100.5,1040.5,140,104,35,2
7184,155.373051224944,1361.78730512249,100.5,1312.5,108,96,36,2
17344,195.529520295203,1455.33394833948,100.5,1384.5,184,152,37,2
7600,164.790526315789,384.942105263158,104.5,320.5,120,116,38,2
5152,157.816770186335,1795.08385093168,116.5,1752.5,80,88,39,2
13008,197.269987699877,1974.31303813038,116.5,1912.5,156,136,40,2
0,NaN,NaN,0.5,0.5,0,0,41,2
11712,203.161202185792,1866.57650273224,128.5,1816.5,156,108,42,2
5376,173.488095238095,1009.91666666667,132.5,964.5,84,92,43,2
2880,169.011111111111,577.655555555556,144.5,536.5,48,84,44,2
5920,192.975675675676,660.77027027027,144.5,624.5,108,76,45,2
4784,208.346153846154,586.994983277592,156.5,532.5,84,96,46,2
6720,215.614285714286,1616.18571428571,156.5,1560.5,112,100,47,2
8352,224.484674329502,477.235632183908,172.5,416.5,96,132,48,2
11568,230.267634854772,1173.26625172891,176.5,1096.5,112,144,49,2
14560,250.165934065934,1308.62307692308,184.5,1228.5,132,168,50,2
8944,242.99373881932,1771.45169946333,192.5,1720.5,108,104,51,2
8368,252.113766730402,1034.3776290631,204.5,976.5,104,120,52,2
6400,293.7,2022.53,212.5,1976.5,152,72,53,2
10352,294.734930448223,1913.77047913447,224.5,1852.5,128,128,54,2
5552,271.57204610951,617.49711815562,232.5,560.5,92,100,55,2
14976,298.594017094017,1545.27777777778,232.5,1448.5,124,188,56,2
9280,318.603448275862,567.886206896552,236.5,520.5,152,112,57,2
12160,316.915789473684,1389.70526315789,236.5,1320.5,144,128,58,2
5328,303.208708708709,426.103603603604,244.5,388.5,112,72,59,2
7840,311.585714285714,1104.74489795918,248.5,1048.5,120,108,60,2
7504,293.962686567164,1677.85181236674,248.5,1624.5,92,116,61,2
5568,301.810344827586,495.120689655172,260.5,452.5,88,84,62,2
10576,330.046142208775,1200.21860816944,264.5,1144.5,132,116,63,2
12272,347.558670143416,1807.19882659713,272.5,1744.5,160,116,64,2
10512,349.477168949772,698.627853881278,288.5,632.5,128,136,65,2
5712,356.079831932773,1733.67086834734,300.5,1684.5,108,88,66,2
7056,364.196145124717,1975.76077097506,300.5,1932.5,128,100,67,2
6896,357.88747099768,1038.26798143852,304.5,992.5,100,96,68,2
8512,362.778195488722,1280.31954887218,308.5,1220.5,104,116,69,2
4608,367.652777777778,1476.65277777778,320.5,1432.5,100,84,70,2
11056,403.576700434153,372.161360347323,324.5,320.5,172,116,71,2
5056,366.905063291139,491.791139240506,324.5,444.5,88,96,72,2
9952,406.268488745981,624.680064308682,332.5,556.5,136,144,73,2
10768,405.537147102526,1697.37072808321,332.5,1628.5,132,152,74,2
10640,385.784210526316,1574.37969924812,336.5,1500.5,96,140,75,2
7200,386.171111111111,1888.34,340.5,1840.5,92,100,76,2
2608,394.279141104294,447.162576687117,352.5,420.5,72,68,77,2
10464,424.854740061162,777.692660550459,352.5,708.5,136,136,78,2
6528,398.71568627451,1125.95098039216,352.5,1072.5,96,112,79,2
8672,431.112546125461,1435.82841328413,356.5,1396.5,144,96,80,2
4464,413.310035842294,2021.25268817204,360.5,1984.5,96,64,81,2
7056,418.273242630385,1359.40702947846,372.5,1300.5,104,100,82,2
8432,444.11669829222,524.025616698292,384.5,464.5,116,124,83,2
7744,438.954545454545,1018.03719008264,388.5,972.5,96,100,84,2
12992,454.593596059113,906.411330049261,396.5,832.5,120,144,85,2
7376,448.252711496746,1190.47396963124,396.5,1140.5,112,92,86,2
23520,503.065986394558,1282.63605442177,408.5,1192.5,196,212,87,2
18176,465.68661971831,1909.13732394366,408.5,1776.5,124,240,88,2
0,NaN,NaN,0.5,0.5,0,0,89,2
10368,473.382716049383,423.654320987654,412.5,364.5,124,128,90,2
13744,490.178696158324,733.717694994179,416.5,636.5,144,204,91,2
7216,477.151884700665,1502.26053215078,416.5,1440.5,112,112,92,2
5664,469.844632768362,1095.07627118644,420.5,1056.5,104,88,93,2
6608,463.042372881356,1582.88740920097,424.5,1524.5,92,108,94,2
10960,486.616788321168,1676.17591240876,432.5,1612.5,128,164,95,2
2720,490.735294117647,2030.78235294118,448.5,2004.5,84,44,96,2
5104,499.465517241379,553.722570532915,456.5,500.5,88,104,97,2
12080,531.135761589404,1801.57814569536,464.5,1736.5,140,136,98,2
6304,512.246192893401,621.870558375635,468.5,564.5,88,116,99,2
8144,532.15815324165,1140.8025540275,468.5,1080.5,124,116,100,2
8560,528.376635514019,1024.55607476636,480.5,968.5,112,112,101,2
15936,575.83734939759,443.620481927711,492.5,372.5,168,164,102,2
11232,565.109686609687,822.84188034188,492.5,752.5,136,124,103,2
28448,610.540494938133,957.287401574803,492.5,860.5,216,212,104,2
6768,547.18085106383,1375.6914893617,492.5,1320.5,108,100,105,2
7776,544.524691358025,1566.88683127572,496.5,1504.5,88,124,106,2
11040,571.902898550725,1444.63333333333,500.5,1388.5,148,120,107,2
6016,548.244680851064,1700.94680851064,504.5,1640.5,96,108,108,2
12112,568.212021136063,1936.23315719947,508.5,1868.5,128,152,109,2
6656,568.163461538462,660.971153846154,512.5,612.5,120,104,110,2
5680,581.677464788732,2025.6661971831,512.5,1980.5,164,68,111,2
11616,605.18870523416,560.588154269973,536.5,488.5,160,136,112,2
7968,605.528112449799,1085.35140562249,540.5,1028.5,124,108,113,2
7840,603.038775510204,1194.79387755102,548.5,1132.5,100,128,114,2
4176,592.33908045977,1859.66475095785,548.5,1820.5,88,80,115,2
6368,630.831658291457,681.706030150754,556.5,640.5,132,80,116,2
7360,627.065217391304,741.673913043478,556.5,704.5,132,80,117,2
10512,626.159056316591,1655.86377473364,556.5,1600.5,140,116,118,2
10800,621.622962962963,1521.12518518519,560.5,1444.5,124,160,119,2
4864,610.381578947368,1748.84210526316,568.5,1704.5,84,92,120,2
8544,624.440074906367,1323.83333333333,572.5,1260.5,108,136,121,2
11984,656.72696929239,1844.59879839786,596.5,1760.5,120,172,122,2
5072,641.679810725552,491.395899053628,600.5,424.5,76,116,123,2
6896,652.096287703016,1969.72041763341,600.5,1912.5,112,112,124,2
2544,650.27358490566,795.732704402516,612.5,772.5,72,48,125,2
4576,660.667832167832,1590.29020979021,612.5,1552.5,96,76,126,2
4032,662.5,615.214285714286,620.5,580.5,84,68,127,2
6320,671.512658227848,850.692405063291,620.5,808.5,112,104,128,2
4272,666.874531835206,1254.20037453184,620.5,1220.5,92,76,129,2
7664,677.497912317328,1172.22025052192,624.5,1116.5,120,112,130,2
7136,685.495515695067,1374.2668161435,628.5,1320.5,120,100,131,2
23248,745.453888506538,1762.7395044735,636.5,1668.5,224,188,132,2
9120,706.570175438596,1461.11052631579,644.5,1404.5,128,116,133,2
9200,717.282608695652,1102.06869565217,652.5,1048.5,124,112,134,2
6320,699.887341772152,471.50253164557,656.5,412.5,96,116,135,2
13184,742.893203883495,2006.44660194175,656.5,1940.5,188,108,136,2
10400,728.106153846154,390.838461538462,660.5,324.5,140,128,137,2
2416,704.751655629139,575.533112582781,668.5,548.5,76,56,138,2
9136,731.249562171629,1549.42819614711,668.5,1484.5,116,128,139,2
5856,721.363387978142,1296.15027322404,672.5,1248.5,88,96,140,2
8400,720.625714285714,763.528571428571,676.5,700.5,96,128,141,2
3904,711.090163934426,674.303278688525,680.5,636.5,68,76,142,2
8512,748.695488721805,1647.73308270677,684.5,1596.5,124,112,143,2
3520,717.936363636364,1901.77272727273,684.5,1856.5,60,88,144,2
6096,749.481627296588,526.919947506562,688.5,472.5,116,100,145,2
3584,727.339285714286,881.053571428571,688.5,836.5,80,80,146,2
7776,734.458847736626,950.450617283951,688.5,892.5,92,120,147,2
3696,737.651515151515,611.209956709957,700.5,568.5,72,84,148,2
4304,737.78624535316,1219.33271375465,700.5,1172.5,76,88,149,2
4368,748.844322344322,1026.08974358974,704.5,988.5,92,72,150,2
7376,770.890455531453,1398.09219088937,716.5,1348.5,112,116,151,2
5312,789.367469879518,1857.13855421687,724.5,1828.5,124,60,152,2
10848,795.449852507375,831.190265486726,728.5,772.5,128,128,153,2
8128,798.027559055118,339.437007874016,732.5,284.5,124,112,154,2
4976,782.049839228296,693.959807073955,732.5,652.5,100,84,155,2
8864,792.283393501805,1923.92238267148,732.5,1872.5,120,108,156,2
2288,774.108391608392,645.940559440559,744.5,616.5,60,56,157,2
8336,797.908829174664,1168.84932821497,744.5,1108.5,108,112,158,2
6048,792.732804232804,454.933862433862,748.5,400.5,88,104,159,2
5504,788.325581395349,1319.97674418605,748.5,1268.5,80,96,160,2
8208,813.517543859649,573.291423001949,756.5,508.5,108,128,161,2
5488,820.039358600583,1034.84985422741,756.5,984.5,120,96,162,2
6016,816.574468085106,1247.18085106383,756.5,1208.5,120,80,163,2
7664,828.178496868476,735.610647181628,764.5,688.5,128,96,164,2
8800,820.616363636364,958.870909090909,764.5,896.5,128,112,165,2
9248,818.89446366782,1570.81141868512,764.5,1508.5,112,120,166,2
14016,842.22602739726,1464.44063926941,768.5,1384.5,156,148,167,2
8880,849.555855855856,1067.17747747748,772.5,972.5,136,152,168,2
9920,834.177419354839,1682.33225806452,776.5,1616.5,116,136,169,2
8304,871.902697495183,441.921965317919,800.5,380.5,120,144,170,2
5552,855.14553314121,654.453890489914,800.5,608.5,112,88,171,2
3872,848.698347107438,498.995867768595,804.5,456.5,92,84,172,2
3872,855.012396694215,904.334710743802,808.5,872.5,80,72,173,2
5664,850.748587570621,1988.3418079096,808.5,1936.5,88,108,174,2
7360,868.1,1304.96956521739,816.5,1248.5,116,112,175,2
6160,888.858441558442,1364.98311688312,824.5,1312.5,116,96,176,2
4160,872.223076923077,845.376923076923,832.5,804.5,88,76,177,2
7680,877.883333333333,1169.14166666667,832.5,1108.5,96,124,178,2
7072,883.386877828054,1830.11085972851,832.5,1780.5,120,104,179,2
4592,883.684668989547,311.907665505226,836.5,276.5,100,76,180,2
9168,915.505235602094,787.274869109948,844.5,740.5,136,104,181,2
8016,900.352295409182,1730.70758483034,844.5,1672.5,108,116,182,2
6352,926.429471032746,2024.9685138539,844.5,1988.5,160,60,183,2
3712,919.448275862069,1871.3275862069,848.5,1836.5,120,56,184,2
7200,911.051111111111,1918.57111111111,848.5,1884.5,128,76,185,2
9456,918.30372250423,620.456006768189,852.5,560.5,124,124,186,2
6400,916.95,345.92,856.5,284.5,112,112,187,2
5920,923.786486486487,555.581081081081,856.5,524.5,136,64,188,2
21728,979.418998527246,1629.78718703976,860.5,1540.5,232,160,189,2
9872,929.508103727715,1543.7188006483,864.5,1492.5,136,104,190,2
8320,937.292307692308,1243.59230769231,872.5,1188.5,120,112,191,2
9648,937.68407960199,1089.67744610282,876.5,1032.5,124,120,192,2
3584,917.607142857143,721.178571428571,880.5,684.5,76,64,193,2
10800,937.19037037037,898.162222222222,880.5,828.5,116,132,194,2
8224,935.77626459144,1436.91245136187,884.5,1376.5,100,116,195,2
3040,927.952631578947,404.394736842105,888.5,372.5,80,64,196,2
8256,953.313953488372,998.306201550388,888.5,948.5,140,96,197,2
3424,930.855140186916,1972.66822429907,888.5,1944.5,84,56,198,2
3552,950.5,508.301801801802,904.5,472.5,84,64,199,2
4832,949.281456953642,1781.93046357616,904.5,1736.5,84,92,200,2
3920,949.275510204082,453.030612244898,908.5,412.5,76,80,201,2
10464,992.720183486239,1153.88226299694,916.5,1088.5,144,128,202,2
4848,974.869636963696,694.777227722772,924.5,660.5,92,80,203,2
6528,991.490196078431,334.911764705882,932.5,284.5,112,108,204,2
11008,995.116279069767,1334.63372093023,932.5,1272.5,148,120,205,2
4960,994.474193548387,1718.44838709677,948.5,1684.5,100,68,206,2
13232,1001.30048367594,1940.88452237001,952.5,1820.5,108,228,207,2
7152,1000.30760626398,241.05033557047,956.5,180.5,100,108,208,2
6352,1014.04659949622,752.212846347607,956.5,708.5,116,84,209,2
72576,1196.3139329806,905.641093474427,960.5,740.5,436,324,210,2
2336,992.253424657534,957.815068493151,960.5,924.5,64,60,211,2
8304,1018.55394990366,1487.44797687861,964.5,1436.5,100,108,212,2
3920,1008.34489795918,393.84693877551,968.5,344.5,80,84,213,2
6624,1026.18115942029,1403.16666666667,968.5,1368.5,112,72,214,2
3504,1004.10730593607,527.522831050228,972.5,484.5,60,84,215,2
10848,1031.52654867257,618.72418879056,972.5,556.5,132,112,216,2
7456,1027.31545064378,1780.70600858369,972.5,1724.5,112,108,217,2
4240,1015.90377358491,457.669811320755,976.5,420.5,80,76,218,2
6368,1028.79145728643,1045.26381909548,980.5,988.5,88,108,219,2
0,NaN,NaN,0.5,0.5,0,0,220,2
7408,1031.70950323974,1256.50431965443,984.5,1196.5,100,120,221,2
8400,1039.33047619048,924.602857142857,988.5,872.5,96,120,222,2
51200,1171.31375,1921.515,1008.5,1784.5,336,264,223,2
3008,1045.92553191489,689.478723404255,1012.5,660.5,64,60,224,2
8128,1084.67322834646,1568.07480314961,1020.5,1520.5,112,100,225,2
5120,1071.3375,287.6625,1024.5,240.5,84,96,226,2
7216,1084.87694013304,1195.4578713969,1024.5,1148.5,124,88,227,2
2544,1054.75157232704,350.701257861635,1028.5,316.5,52,68,228,2
5120,1077.8125,408.8125,1028.5,364.5,88,88,229,2
10000,1080.996,498.3912,1028.5,436.5,116,136,230,2
3824,1076.54184100418,783.755230125523,1028.5,748.5,92,60,231,2
6224,1078.96272493573,1997.03984575835,1032.5,1940.5,92,108,232,2
5424,1091.04277286136,1127.59734513274,1040.5,1076.5,92,96,233,2
9904,1104.60016155089,1682.64216478191,1040.5,1616.5,124,132,234,2
5248,1090.96341463415,1045.87804878049,1056.5,992.5,68,108,235,2
8192,1102.4609375,1471.890625,1056.5,1412.5,100,116,236,2
11504,1129.79346314325,582.260778859527,1060.5,500.5,136,144,237,2
12064,1126.36737400531,710.690981432361,1060.5,644.5,136,128,238,2
9824,1114.55863192182,1287.43811074919,1060.5,1220.5,112,132,239,2
7408,1123.5626349892,1380.72894168467,1072.5,1328.5,100,108,240,2
4416,1125.99275362319,342.413043478261,1080.5,308.5,104,72,241,2
6272,1130.94897959184,1763.30612244898,1080.5,1716.5,96,88,242,2
4032,1136.18253968254,2025.76984126984,1080.5,1988.5,104,60,243,2
7760,1147.46494845361,274.071134020619,1092.5,220.5,112,104,244,2
5728,1148.95810055866,1062.39944134078,1112.5,1004.5,80,108,245,2
16304,1190.45289499509,389.208537782139,1116.5,296.5,148,176,246,2
0,NaN,NaN,0.5,0.5,0,0,247,2
0,NaN,NaN,0.5,0.5,0,0,248,2
10288,1170.5933125972,1529.03810264386,1124.5,1456.5,100,160,249,2
6608,1172.098062954,1140.77602905569,1128.5,1092.5,92,104,250,2
4016,1177.20916334661,1633.52788844622,1132.5,1592.5,80,76,251,2
13152,1222.78710462287,491.658150851582,1140.5,424.5,156,132,252,2
3760,1186.07446808511,1205.25744680851,1144.5,1172.5,92,68,253,2
4320,1198.01111111111,1432.23333333333,1144.5,1400.5,100,64,254,2
7648,1202.28242677824,1709.06066945607,1148.5,1660.5,100,96,255,2
3536,1185.79411764706,1381.23303167421,1152.5,1332.5,80,84,256,2
4240,1199.9641509434,572.824528301887,1156.5,532.5,84,88,257,2
8816,1211.50181488203,1266.18058076225,1156.5,1212.5,116,112,258,2
8496,1210.29661016949,686.778719397363,1160.5,620.5,108,132,259,2
0,NaN,NaN,0.5,0.5,0,0,260,2
10192,1229.79042386185,1803.83124018838,1164.5,1752.5,120,108,261,2
9760,1248.59180327869,1343.49672131148,1172.5,1288.5,136,116,262,2
0,NaN,NaN,0.5,0.5,0,0,263,2
4144,1217.35714285714,263.411196911197,1176.5,216.5,80,92,264,2
6704,1227.48329355609,1599.03460620525,1180.5,1544.5,96,120,265,2
8496,1242.61299435028,1066.46986817326,1184.5,1012.5,124,104,266,2
8672,1270.94280442804,215.673431734317,1200.5,156.5,128,120,267,2
12864,1290.23134328358,629.31592039801,1208.5,568.5,152,124,268,2
3456,1234.85185185185,1156.61111111111,1208.5,1112.5,52,96,269,2
2784,1245.41954022989,1465.14367816092,1212.5,1432.5,64,60,270,2
3920,1250.07551020408,1527.38163265306,1216.5,1492.5,68,76,271,2
2880,1269.94444444444,558.188888888889,1232.5,520.5,76,64,272,2
12416,1296.96907216495,738.092783505155,1232.5,672.5,148,148,273,2
10032,1309.64513556619,314.461722488038,1236.5,264.5,152,92,274,2
13776,1306.36527293844,1159.44773519164,1236.5,1080.5,140,152,275,2
6720,1276.1,1701.1380952381,1240.5,1644.5,72,120,276,2
4928,1294.13636363636,1411.26623376623,1244.5,1364.5,96,80,277,2
8736,1316.05311355311,387.181318681319,1252.5,348.5,136,88,278,2
3872,1288.56611570248,1619.98760330579,1256.5,1576.5,72,80,279,2
18112,1362.24558303887,1219.63780918728,1264.5,1108.5,192,208,280,2
3072,1299.89583333333,1499.875,1264.5,1460.5,72,68,281,2
5360,1326.35671641791,459.276119402985,1272.5,420.5,108,76,282,2
2592,1310.3024691358,1458.74691358025,1272.5,1432.5,72,52,283,2
5728,1331.11452513966,1760.72346368715,1272.5,1720.5,112,76,284,2
2256,1310.6134751773,1545.87588652482,1276.5,1524.5,72,44,285,2
5248,1340.98780487805,1583.86585365854,1276.5,1544.5,112,76,286,2
5008,1319.59904153355,1890.83226837061,1276.5,1852.5,88,80,287,2
7552,1337.12711864407,838.584745762712,1280.5,784.5,128,104,288,2
7408,1339.37257019438,1826.55183585313,1280.5,1788.5,116,80,289,2
5792,1330.5,528.146408839779,1284.5,484.5,92,92,290,2
3504,1324.23515981735,1951.63242009132,1288.5,1920.5,72,72,291,2
5920,1350.42432432432,1350.12162162162,1304.5,1312.5,100,76,292,2
4992,1355.84615384615,1700.5,1304.5,1672.5,112,60,293,2
7856,1350.98879837067,238.76883910387,1308.5,172.5,88,124,294,2
6128,1353.29895561358,1068.39033942559,1308.5,1016.5,80,108,295,2
9136,1377.48423817863,772.027145359019,1312.5,692.5,120,148,296,2
3376,1348.41469194313,1648.20616113744,1312.5,1616.5,68,60,297,2
12080,1421.25496688742,160.709271523179,1328.5,108.5,172,100,298,2
4672,1361.34931506849,1434.10273972603,1328.5,1384.5,60,104,299,2
5488,1377.4387755102,1514.27842565598,1332.5,1472.5,88,84,300,2
10288,1398.71150855365,2002.06454121306,1332.5,1944.5,148,104,301,2
12672,1402.69696969697,613.984848484848,1336.5,548.5,136,148,302,2
8224,1405.53501945525,433.955252918288,1348.5,372.5,128,112,303,2
7584,1407.36075949367,907.529535864979,1356.5,840.5,96,124,304,2
5072,1395.18138801262,1924.54416403785,1356.5,1884.5,88,84,305,2
9664,1423.90397350993,1293.26821192053,1360.5,1232.5,148,120,306,2
2288,1395.17132867133,1871.61888111888,1360.5,1840.5,64,56,307,2
7168,1418.33035714286,513.973214285714,1364.5,472.5,116,88,308,2
7760,1428.37216494845,1742.47525773196,1368.5,1688.5,120,104,309,2
4336,1410.5295202952,1645.4815498155,1372.5,1612.5,76,80,310,2
12704,1471.6637279597,322.852644836272,1380.5,236.5,184,152,311,2
4160,1409.03846153846,1077.68461538462,1380.5,1024.5,68,96,312,2
3264,1416.00980392157,1381.06862745098,1380.5,1348.5,76,64,313,2
5344,1422.52395209581,1576.26047904192,1380.5,1528.5,84,84,314,2
8400,1441.76857142857,1029.31904761905,1384.5,960.5,116,148,315,2
7264,1438.27092511013,1436.96696035242,1384.5,1388.5,124,100,316,2
8512,1458.25187969925,1808.91353383459,1384.5,1760.5,136,96,317,2
8080,1422.57128712871,261.79504950495,1388.5,196.5,80,132,318,2
0,NaN,NaN,0.5,0.5,0,0,319,2
7424,1441.31896551724,759.620689655172,1400.5,692.5,88,132,320,2
5792,1462.00276243094,1231.24033149171,1412.5,1176.5,108,96,321,2
3056,1441.70418848168,1867.42146596859,1412.5,1832.5,68,80,322,2
10736,1495.53129657228,653.522354694486,1416.5,596.5,148,112,323,2
10912,1490.43548387097,877.08651026393,1416.5,820.5,152,116,324,2
8288,1480.75482625483,1484.40733590734,1416.5,1420.5,136,132,325,2
8368,1493.03919694073,396.565009560229,1428.5,332.5,124,136,326,2
5216,1465.75153374233,1650.19325153374,1428.5,1592.5,72,112,327,2
4272,1472.44756554307,1947.42883895131,1428.5,1912.5,88,84,328,2
1520,1460.18421052632,2031.84736842105,1428.5,2004.5,56,44,329,2
14048,1509.69362186788,998.773348519362,1432.5,924.5,140,160,330,2
8624,1493.51298701299,1351.85807050093,1436.5,1276.5,104,144,331,2
10224,1507.68309859155,540.108763693271,1440.5,476.5,140,124,332,2
14048,1521.69362186788,756.723234624146,1444.5,688.5,168,160,333,2
4576,1496.36013986014,1882.48601398601,1444.5,1844.5,96,72,334,2
5728,1496.26536312849,95.4497206703911,1448.5,48.5,92,92,335,2
8640,1501.98888888889,1179.44074074074,1448.5,1116.5,120,132,336,2
11456,1548.83519553073,1125.74581005587,1452.5,1072.5,168,128,337,2
7088,1515.13205417607,232.667042889391,1460.5,180.5,108,104,338,2
10736,1522.81594634873,1534.33308494784,1460.5,1448.5,128,160,339,2
3584,1509.01785714286,1705.32142857143,1472.5,1672.5,76,64,340,2
7152,1538.11521252796,458.249440715884,1476.5,392.5,112,112,341,2
5472,1541.23684210526,2019.68128654971,1480.5,1984.5,116,64,342,2
560,1498.95714285714,2041.01428571429,1480.5,2028.5,48,20,343,2
0,NaN,NaN,0.5,0.5,0,0,344,2
4144,1525.61969111969,1965.49613899614,1484.5,1920.5,84,76,345,2
4880,1547.52295081967,1743.36557377049,1488.5,1692.5,112,84,346,2
4800,1529.46,1646.43333333333,1492.5,1600.5,76,92,347,2
0,NaN,NaN,0.5,0.5,0,0,348,2
6496,1551.66256157635,1814.64778325123,1500.5,1764.5,100,100,349,2
6816,1561.42957746479,1308.24647887324,1508.5,1260.5,108,100,350,2
10240,1585.91875,1407.525,1512.5,1360.5,152,100,351,2
2800,1551.82571428571,1890.11142857143,1512.5,1860.5,72,64,352,2
11328,1602.80508474576,1223.20056497175,1516.5,1144.5,160,148,353,2
9296,1585.81841652324,584.310671256454,1524.5,516.5,120,120,354,2
11104,1597.37031700288,1580.47694524496,1524.5,1520.5,148,124,355,2
16832,1616.22243346008,799.055133079848,1532.5,716.5,172,176,356,2
5952,1581.71505376344,935.037634408602,1532.5,888.5,108,88,357,2
4192,1581.29389312977,1951.62977099237,1532.5,1912.5,100,84,358,2
0,NaN,NaN,0.5,0.5,0,0,359,2
7072,1589.07013574661,325.115384615385,1540.5,272.5,104,108,360,2
9344,1608.32876712329,401.342465753425,1540.5,332.5,128,144,361,2
10768,1624.53268945022,680.544576523031,1540.5,632.5,164,92,362,2
5760,1595.2,1680.34444444444,1552.5,1628.5,88,100,363,2
7984,1602.09118236473,1028.49599198397,1556.5,968.5,96,124,364,2
4592,1611.81010452962,1496.20034843206,1572.5,1452.5,88,84,365,2
11328,1639.87288135593,1767.5395480226,1572.5,1692.5,132,144,366,2
7760,1627.93505154639,1910.73917525773,1572.5,1860.5,108,104,367,2
10464,1650.24311926606,504.139143730887,1576.5,444.5,136,120,368,2
6544,1635.44865525672,2008.27995110024,1580.5,1964.5,100,84,369,2
5312,1645.76506024096,892.765060240964,1584.5,852.5,120,80,370,2
6432,1637.11691542289,1341.49502487562,1584.5,1284.5,100,108,371,2
2832,1628.64689265537,1844.46610169492,1588.5,1816.5,80,52,372,2
9056,1660.68374558304,1116.3445229682,1604.5,1052.5,108,132,373,2
9552,1695.297319933,945.722780569514,1612.5,892.5,152,100,374,2
9504,1678.71548821549,1485.08585858586,1612.5,1408.5,124,144,375,2
8880,1678.13243243243,1662.41351351351,1620.5,1604.5,116,120,376,2
7792,1675.93737166324,596.660164271047,1624.5,544.5,112,108,377,2
3120,1672.46923076923,844.592307692308,1632.5,812.5,76,64,378,2
10992,1687.26855895197,1266.45924308588,1632.5,1184.5,116,164,379,2
5536,1686.46531791908,1009.65606936416,1636.5,972.5,108,84,380,2
6400,1679.99,416.54,1640.5,360.5,84,108,381,2
5232,1691.83333333333,1584.7874617737,1640.5,1540.5,88,88,382,2
5600,1706.14571428571,1903.66571428571,1656.5,1860.5,104,84,383,2
4368,1701.7967032967,1411.40842490842,1660.5,1368.5,84,92,384,2
4448,1704.08273381295,1822.01079136691,1660.5,1776.5,92,84,385,2
2896,1702.19060773481,1961.94751381215,1664.5,1932.5,76,64,386,2
9424,1743.01612903226,1066.96859083192,1672.5,1008.5,136,112,387,2
3184,1701.61557788945,2021.13316582915,1672.5,1980.5,64,68,388,2
5248,1730.62195121951,630.463414634146,1680.5,580.5,100,96,389,2
8400,1733.96666666667,833.54,1684.5,772.5,96,132,390,2
13616,1771.44947121034,1345.40481786134,1684.5,1280.5,164,124,391,2
8864,1745.21480144404,730.175090252708,1688.5,672.5,136,108,392,2
8928,1744.21326164875,1722.18458781362,1688.5,1648.5,124,140,393,2
6720,1755.72857142857,1151.5380952381,1696.5,1112.5,136,76,394,2
0,NaN,NaN,0.5,0.5,0,0,395,2
10832,1768.13663220089,1228.72747415066,1700.5,1176.5,128,112,396,2
3648,1743.97368421053,1865.00877192982,1700.5,1828.5,76,88,397,2
5152,1758.0652173913,1441.63043478261,1712.5,1396.5,84,96,398,2
5552,1781.53170028818,672.863112391931,1716.5,628.5,120,76,399,2
9376,1776.85494880546,1592.5204778157,1720.5,1536.5,132,108,400,2
3744,1760.48290598291,1970.67094017094,1720.5,1936.5,80,68,401,2
4416,1773.71739130435,2021.60144927536,1724.5,1988.5,96,60,402,2
9168,1794.44415357766,1515.6797556719,1728.5,1456.5,124,112,403,2
2880,1766.5,1805.34444444444,1732.5,1768.5,72,72,404,2
3760,1792.62765957447,1654.29574468085,1736.5,1620.5,96,76,405,2
7936,1809.79032258065,1019.14516129032,1740.5,976.5,132,104,406,2
3840,1793.63333333333,885.966666666667,1748.5,860.5,96,56,407,2
7776,1812.34362139918,941.660493827161,1752.5,896.5,120,88,408,2
6192,1799.50258397933,799.771317829457,1756.5,744.5,84,116,409,2
5920,1809.19189189189,1761.23513513514,1760.5,1712.5,100,104,410,2
4048,1791.40118577075,1907.43280632411,1760.5,1856.5,68,92,411,2
6416,1832.963840399,1102.39027431421,1772.5,1048.5,112,96,412,2
3104,1810.39690721649,1854.78865979381,1772.5,1820.5,72,72,413,2
8000,1838.948,1983.788,1792.5,1920.5,92,128,414,2
7360,1842.94347826087,1448.24782608696,1796.5,1396.5,92,108,415,2
5968,1859.06836461126,1169.79222520107,1804.5,1124.5,116,104,416,2
6576,1866.15936739659,1808.81630170316,1804.5,1764.5,120,96,417,2
10304,1874.22049689441,731.816770186335,1808.5,668.5,128,116,418,2
7232,1855.69469026549,1667.82743362832,1808.5,1604.5,100,116,419,2
5600,1865.62,1298.68285714286,1812.5,1264.5,100,72,420,2
6704,1869.79355608592,816.466587112172,1816.5,772.5,116,96,421,2
6784,1877.94339622642,1375.97169811321,1820.5,1328.5,108,96,422,2
13120,1910.89024390244,1241.08536585366,1824.5,1160.5,176,152,423,2
9344,1885.61643835616,1911.21917808219,1828.5,1848.5,104,140,424,2
3456,1874.92592592593,876.777777777778,1836.5,836.5,72,76,425,2
5392,1888.73145400593,1732.85014836795,1836.5,1688.5,92,84,426,2
11232,1911.00712250712,989.548433048433,1844.5,932.5,128,116,427,2
9904,1906.0605815832,1529.14943457189,1848.5,1476.5,128,108,428,2
5040,1909.86507936508,1599.56666666667,1848.5,1564.5,124,68,429,2
4544,1903.21830985915,2017.89436619718,1860.5,1976.5,84,72,430,2
4704,1923.00340136054,914.840136054422,1868.5,880.5,100,64,431,2
8752,1925.30073126143,1087.02650822669,1872.5,1032.5,108,116,432,2
10720,1948.93582089552,1426.91194029851,1884.5,1364.5,144,120,433,2
5600,1934.74,1846.69428571429,1884.5,1796.5,96,100,434,2
3552,1928.03153153153,1656.80630630631,1892.5,1616.5,80,80,435,2
3872,1931.32644628099,849.342975206612,1896.5,808.5,68,80,436,2
5072,1954.99211356467,1329.37697160883,1904.5,1288.5,96,84,437,2
6928,1962.47228637413,1759.8025404157,1916.5,1712.5,100,104,438,2
6560,1971.18292682927,1155.43658536585,1920.5,1104.5,116,100,439,2
4320,1978.14444444444,1693.18148148148,1924.5,1660.5,100,64,440,2
6128,1956.8498694517,1956.80809399478,1924.5,1892.5,80,116,441,2
8192,2002.4140625,1548.1953125,1936.5,1496.5,112,100,442,2
3536,1978.88009049774,1621.28733031674,1940.5,1588.5,76,72,443,2
2448,1971.07516339869,2025.06209150327,1940.5,1996.5,56,52,444,2
5792,2002.75414364641,1914.04696132597,1952.5,1868.5,96,108,445,2
0,NaN,NaN,0.5,0.5,0,0,446,2
7760,2008.33917525773,1221.67525773196,1956.5,1164.5,92,116,447,2
0,NaN,NaN,0.5,0.5,0,0,448,2
3840,1999.51666666667,1833.91666666667,1960.5,1796.5,88,72,449,2
7376,2020.23535791757,1337.6409978308,1968.5,1260.5,80,148,450,2
5744,2016.33844011142,1461.61977715877,1968.5,1404.5,80,104,451,2
3904,2025.89344262295,1641.54918032787,1984.5,1592.5,64,96,452,2
3616,2025.29646017699,1783.06637168142,1988.5,1740.5,60,88,453,2
2544,2028.43710691824,28.9905660377358,1992.5,0.5,56,72,454,2
2608,2021.42024539877,2023.26073619632,1996.5,1992.5,52,56,455,2
2384,2030.95637583893,1969.8288590604,2000.5,1924.5,48,80,456,2
1872,2031.73076923077,1716.41452991453,2008.5,1684.5,40,60,457,2
1424,2034.76966292135,1869.19662921348,2012.5,1840.5,36,56,458,2
0,NaN,NaN,0.5,0.5,0,0,1,5
3552,20.9864864864865,436.40990990991,0.5,384.5,56,96,2,5
0,NaN,NaN,0.5,0.5,0,0,3,5
0,NaN,NaN,0.5,0.5,0,0,4,5
7888,28.6987829614604,1123.08417849899,0.5,1044.5,68,156,5,5
7856,40.3818737270876,1230.68737270876,0.5,1164.5,92,132,6,5
6432,30.5398009950249,1348.35074626866,0.5,1288.5,72,116,7,5
9216,48.6111111111111,1456.90277777778,0.5,1392.5,104,140,8,5
3776,21.5677966101695,1529.29661016949,0.5,1472.5,56,108,9,5
2256,13.4219858156028,1625.81914893617,0.5,1572.5,32,104,10,5
15072,67.328025477707,1685.85031847134,0.5,1600.5,160,196,11,5
10416,73.142089093702,1821.57219662058,0.5,1760.5,152,112,12,5
6176,39.7435233160622,1885.06994818653,0.5,1836.5,100,96,13,5
8176,34.3434442270059,1989.94422700587,0.5,1916.5,80,132,14,5
3408,44.9413145539906,1607.55164319249,16.5,1560.5,56,96,15,5
6608,85.4055690072639,1052.27239709443,20.5,1012.5,116,84,16,5
0,NaN,NaN,0.5,0.5,0,0,17,5
6848,77.3878504672897,407.406542056075,24.5,360.5,104,92,18,5
4016,86.101593625498,1274.13346613546,40.5,1232.5,92,72,19,5
3296,81.4126213592233,1572.81067961165,40.5,1536.5,80,68,20,5
6288,102.550890585242,1918.76463104326,44.5,1872.5,108,100,21,5
5680,103.908450704225,1737.11408450704,52.5,1680.5,100,108,22,5
3936,87.2642276422764,1134.95528455285,56.5,1092.5,64,88,23,5
3312,95.0410628019324,1323.96859903382,56.5,1288.5,76,68,24,5
8048,120.599403578529,1390.74652087475,56.5,1336.5,132,100,25,5
3024,102.39417989418,1527.8544973545,56.5,1496.5,84,60,26,5
5264,105.952887537994,1996.5547112462,68.5,1944.5,84,104,27,5
8704,135.867647058824,1204.07352941176,84.5,1144.5,116,124,28,5
5712,130.679271708683,1464.62885154062,88.5,1424.5,84,84,29,5
2096,122.80534351145,588.026717557252,96.5,564.5,56,44,30,5
3280,128.139024390244,637.231707317073,96.5,608.5,64,60,31,5
2272,137.091549295775,2023.68309859155,96.5,1988.5,64,60,32,5
0,NaN,NaN,0.5,0.5,0,0,33,5
5872,139.132152588556,525.050408719346,100.5,468.5,92,104,34,5
4320,141.951851851852,1117.41851851852,104.5,1068.5,68,96,35,5
3728,144.989270386266,379.032188841202,108.5,340.5,76,72,36,5
0,NaN,NaN,0.5,0.5,0,0,37,5
15200,183.977894736842,1573.88526315789,112.5,1500.5,148,156,38,5
15952,186.371614844534,1762.23119358074,112.5,1680.5,160,188,39,5
10832,178.080502215657,1319.95937961595,124.5,1240.5,120,144,40,5
12256,205.706266318538,1061.43472584856,132.5,1004.5,152,112,41,5
7904,181.771255060729,1944.68623481781,136.5,1876.5,108,124,42,5
5680,189.7,593.057746478873,144.5,548.5,92,84,43,5
7168,211.151785714286,1658.61607142857,144.5,1616.5,132,92,44,5
2816,186.840909090909,653.045454545455,152.5,624.5,68,56,45,5
4608,220.638888888889,1873.29166666667,152.5,1840.5,116,60,46,5
1808,175.809734513274,2024.55309734513,156.5,1992.5,48,56,47,5
5184,210.302469135802,1227.78395061728,164.5,1184.5,88,96,48,5
22128,248.773318872017,1447.98662328272,164.5,1360.5,164,176,49,5
8464,249.229678638941,1808.17107750473,164.5,1744.5,148,116,50,5
4752,209.301346801347,1147.99494949495,172.5,1108.5,72,80,51,5
0,NaN,NaN,0.5,0.5,0,0,52,5
4848,233.826732673267,2012.26897689769,188.5,1976.5,96,72,53,5
10096,273.003961965135,1311.12123613312,204.5,1252.5,136,116,54,5
11904,291.849462365591,1946.91935483871,204.5,1896.5,188,100,55,5
15040,340.942553191489,574.091489361702,232.5,500.5,200,136,56,5
4592,278.862369337979,1230.26306620209,236.5,1188.5,88,80,57,5
8992,291.745551601423,1138.32206405694,240.5,1076.5,112,116,58,5
3504,298.244292237443,2026.40867579909,240.5,1996.5,100,52,59,5
10528,317.077507598784,1564.25683890578,248.5,1504.5,156,124,60,5
9040,300.546017699115,1689.37433628319,248.5,1628.5,116,120,61,5
12720,336.945283018868,1848.19056603774,264.5,1776.5,168,140,62,5
4416,336.934782608696,1621.18115942029,280.5,1592.5,108,72,63,5
8928,359.682795698925,1065.05913978495,284.5,1020.5,144,96,64,5
5680,345.79014084507,1746.38732394366,292.5,1688.5,100,112,65,5
4304,335.065055762082,1203.51115241636,296.5,1152.5,72,96,66,5
6816,355.119718309859,1289.05399061033,304.5,1236.5,96,108,67,5
6592,359.228155339806,1469.50970873786,308.5,1420.5,112,100,68,5
81920,481.87578125,1321.74453125,312.5,1120.5,316,424,69,5
4720,372.479661016949,2009.90338983051,328.5,1968.5,92,80,70,5
3552,363.256756756757,690.572072072072,332.5,640.5,56,92,71,5
12608,414.835025380711,445.982233502538,336.5,380.5,168,144,72,5
13136,414.534104750304,1906.25639464068,336.5,1824.5,144,152,73,5
0,NaN,NaN,0.5,0.5,0,0,74,5
3856,412.093360995851,1112.52489626556,352.5,1072.5,96,68,75,5
5456,406.007331378299,1535.84897360704,352.5,1480.5,92,108,76,5
11152,413.576040172166,1690.30487804878,356.5,1588.5,124,184,77,5
6416,406.90897755611,664.385286783042,364.5,596.5,80,140,78,5
3600,402.464444444444,1782.5,364.5,1740.5,72,76,79,5
2176,419.029411764706,2032.29411764706,376.5,2004.5,80,44,80,5
0,NaN,NaN,0.5,0.5,0,0,81,5
2384,420.406040268456,760.218120805369,396.5,728.5,48,64,82,5
4864,444.631578947368,514.355263157895,400.5,464.5,96,92,83,5
4416,446.760869565217,1037.0652173913,404.5,1000.5,88,80,84,5
11536,471.886962552011,1655.31553398058,404.5,1572.5,132,164,85,5
5008,464.595846645367,2007.21565495208,412.5,1964.5,108,84,86,5
0,NaN,NaN,0.5,0.5,0,0,87,5
6320,466.03417721519,1511.47215189873,420.5,1464.5,88,108,88,5
8784,466.878870673953,610.215846994535,424.5,544.5,100,136,89,5
15616,503.045081967213,1820.21721311475,432.5,1736.5,160,160,90,5
2688,478.809523809524,471.214285714286,444.5,444.5,64,60,91,5
7664,508.971816283925,1126.31628392484,444.5,1076.5,136,88,92,5
12992,540.697044334975,1584.32266009852,448.5,1520.5,168,128,93,5
8240,508.705825242718,1945.42815533981,452.5,1892.5,112,108,94,5
5184,510.376543209877,1066.85802469136,460.5,1024.5,88,84,95,5
6720,534.204761904762,554.547619047619,468.5,516.5,136,88,96,5
352,500.5,2044.68181818182,472.5,2036.5,52,12,97,5
4576,552.653846153846,505.828671328671,492.5,472.5,120,60,98,5
4144,528.013513513514,442.994208494209,500.5,400.5,56,92,99,5
6592,562.014563106796,2013.20873786408,508.5,1964.5,108,84,100,5
5952,559.209677419355,1693.73655913978,520.5,1644.5,88,92,101,5
11968,597.002673796791,615.409090909091,524.5,548.5,144,132,102,5
7584,577.478902953586,1775.19198312236,524.5,1724.5,108,104,103,5
12192,604.536745406824,1891.89107611549,536.5,1816.5,136,152,104,5
6112,593.714659685864,1094.11256544503,544.5,1052.5,96,92,105,5
8256,601.65503875969,443.135658914729,552.5,392.5,100,120,106,5
6672,622.327338129496,1644.41846522782,564.5,1596.5,108,92,107,5
5952,619.854838709677,1183.14516129032,568.5,1140.5,112,96,108,5
9696,629.773927392739,1465.58250825083,568.5,1408.5,124,112,109,5
5552,633.128242074928,2003.73342939481,584.5,1952.5,92,96,110,5
4992,636.628205128205,1330.60256410256,596.5,1284.5,92,100,111,5
6208,656.685567010309,1389.72680412371,596.5,1332.5,104,100,112,5
4368,643.086080586081,522.221611721612,600.5,484.5,88,80,113,5
11440,667.305594405594,698.729370629371,600.5,632.5,132,136,114,5
10240,652.8875,1739.725,600.5,1676.5,108,140,115,5
22672,695.725123500353,1591.42589978829,604.5,1500.5,172,208,116,5
0,NaN,NaN,0.5,0.5,0,0,117,5
4512,662.797872340426,1943.91843971631,616.5,1892.5,80,96,118,5
8032,684.986055776892,423.750996015936,628.5,368.5,116,116,119,5
8128,675.452755905512,1254.9094488189,628.5,1184.5,104,128,120,5
3008,680.925531914894,552.542553191489,636.5,520.5,80,56,121,5
28224,738.481859410431,1947.44784580499,636.5,1788.5,220,260,122,5
0,NaN,NaN,0.5,0.5,0,0,123,5
2304,686.972222222222,597.416666666667,660.5,572.5,60,60,124,5
6496,720.923645320197,799.682266009852,668.5,752.5,112,88,125,5
4336,712.935424354244,483.149446494465,672.5,440.5,80,88,126,5
4928,727.694805194805,631.551948051948,672.5,588.5,96,92,127,5
14640,770.124043715847,1226.00601092896,676.5,1160.5,188,128,128,5
4144,712.090733590734,1462.12934362934,676.5,1416.5,76,88,129,5
10416,734.911674347158,1367.61827956989,680.5,1288.5,108,152,130,5
3824,716.725941422594,1126.56694560669,688.5,1084.5,56,80,131,5
9952,752.030546623794,1755.47106109325,692.5,1696.5,124,112,132,5
4944,766.927184466019,505.710355987055,708.5,460.5,108,84,133,5
4416,740.775362318841,733.891304347826,708.5,676.5,64,104,134,5
6512,771.227272727273,564.37714987715,712.5,528.5,128,80,135,5
16496,797.289524733269,1869.32056256062,712.5,1796.5,156,168,136,5
6848,773.584112149533,1491.27570093458,720.5,1432.5,108,108,137,5
3856,762.035269709544,435.446058091286,728.5,392.5,68,84,138,5
5904,788.223577235772,1310.95528455285,732.5,1272.5,104,84,139,5
4288,782.917910447761,373.664179104478,736.5,336.5,92,76,140,5
11200,800.38,727.248571428571,740.5,652.5,120,160,141,5
10320,797.582170542636,1141.30930232558,740.5,1076.5,120,128,142,5
5056,780.689873417722,1655.91772151899,744.5,1608.5,72,96,143,5
6912,809.416666666667,1568.49074074074,756.5,1520.5,100,104,144,5
0,NaN,NaN,0.5,0.5,0,0,145,5
5664,810.5,614.793785310735,764.5,568.5,92,92,146,5
6048,818.277777777778,1391.66402116402,776.5,1340.5,92,100,147,5
0,NaN,NaN,0.5,0.5,0,0,148,5
4272,838.874531835206,396.162921348315,784.5,360.5,104,76,149,5
8960,837.785714285714,1736.33571428571,784.5,1672.5,104,132,150,5
4288,829.783582089552,1468.08208955224,788.5,1420.5,72,100,151,5
4480,834.385714285714,454.428571428571,792.5,408.5,80,96,152,5
6592,859.898058252427,522.626213592233,800.5,476.5,116,96,153,5
2384,839.278523489933,659.788590604027,804.5,628.5,60,68,154,5
0,NaN,NaN,0.5,0.5,0,0,155,5
5264,852.919452887538,1039.27811550152,816.5,992.5,84,88,156,5
0,NaN,NaN,0.5,0.5,0,0,157,5
9488,888.179595278246,759.66694772344,824.5,700.5,132,120,158,5
0,NaN,NaN,0.5,0.5,0,0,159,5
11488,893.112813370474,1282.31615598886,828.5,1212.5,136,132,160,5
12960,899.640740740741,1988.77160493827,836.5,1920.5,124,128,161,5
5744,887.981894150418,1179.25766016713,840.5,1132.5,96,92,162,5
4720,892.466101694915,1362.97457627119,840.5,1328.5,96,72,163,5
7040,884.663636363636,1862,840.5,1804.5,96,116,164,5
3888,890.104938271605,1514.96090534979,844.5,1488.5,88,56,165,5
10624,909.228915662651,601.132530120482,848.5,524.5,116,144,166,5
4736,905.77027027027,827.472972972973,848.5,788.5,108,76,167,5
11376,915.208860759494,1435.73206751055,848.5,1376.5,144,116,168,5
4784,892.21237458194,682.352842809365,852.5,640.5,84,80,169,5
4384,906.178832116788,463.755474452555,860.5,436.5,92,72,170,5
8272,926.910058027079,384.999032882012,868.5,328.5,128,112,171,5
0,NaN,NaN,0.5,0.5,0,0,172,5
7088,952.016930022573,1907.49322799097,896.5,1852.5,96,116,173,5
4448,948.989208633094,1823.82374100719,900.5,1792.5,92,68,174,5
4080,937.919607843137,1094.78235294118,904.5,1056.5,72,76,175,5
7520,968.193617021277,1221.12978723404,908.5,1172.5,104,108,176,5
7344,969.384531590414,510.325708061002,916.5,452.5,124,112,177,5
4624,960.576124567474,781.738754325259,920.5,720.5,68,120,178,5
2960,962.110810810811,1775.55945945946,924.5,1748.5,72,52,179,5
9056,980.309187279152,1340.04770318021,928.5,1276.5,100,128,180,5
7984,1006.76452905812,448.103206412826,948.5,396.5,112,112,181,5
13424,1019.02443384982,584.902860548272,952.5,508.5,128,140,182,5
4624,1009.21280276817,382.167820069204,956.5,332.5,108,88,183,5
3184,989.876884422111,1728.08793969849,956.5,1696.5,68,68,184,5
6080,1001.61578947368,1989.65789473684,956.5,1948.5,92,84,185,5
2192,1012.22262773723,2037.53649635037,956.5,2020.5,108,28,186,5
0,NaN,NaN,0.5,0.5,0,0,187,5
4352,1031.95588235294,1262.95588235294,992.5,1216.5,76,88,188,5
3552,1038.64414414414,1140.91441441441,996.5,1108.5,80,64,189,5
0,NaN,NaN,0.5,0.5,0,0,190,5
3088,1034.72797927461,1485.36010362694,1000.5,1456.5,76,60,191,5
7456,1067.89055793991,347.770386266094,1004.5,300.5,112,104,192,5
0,NaN,NaN,0.5,0.5,0,0,193,5
6640,1085.85421686747,2005.40120481928,1040.5,1956.5,92,92,194,5
5728,1088.75698324022,448.086592178771,1048.5,404.5,96,88,195,5
5264,1102.13525835866,1285.57598784195,1052.5,1248.5,96,76,196,5
7424,1121.44827586207,509.75,1056.5,456.5,120,96,197,5
14816,1130.80237580994,620.111231101512,1060.5,548.5,136,148,198,5
11888,1154.16621803499,390.010094212651,1088.5,312.5,136,152,199,5
10304,1161.92857142857,1463.87267080745,1088.5,1392.5,140,124,200,5
8864,1154.44223826715,1553.95848375451,1088.5,1512.5,132,100,201,5
11376,1158.82630098453,259.321378340366,1100.5,192.5,124,128,202,5
4720,1146.44576271186,1748.8186440678,1104.5,1708.5,84,84,203,5
0,NaN,NaN,0.5,0.5,0,0,204,5
5872,1169.6825613079,721.159400544959,1124.5,672.5,84,92,205,5
196640,1108.27900732303,1733.19552481692,812.5,1300.5,580,748,206,5
0,NaN,NaN,0.5,0.5,0,0,207,5
0,NaN,NaN,0.5,0.5,0,0,208,5
5024,1183.23885350318,1149.85031847134,1140.5,1108.5,84,84,209,5
6912,1195.90740740741,541.009259259259,1160.5,468.5,76,140,210,5
6272,1216.29591836735,340.387755102041,1168.5,280.5,92,120,211,5
7600,1215.05578947368,1374.11263157895,1168.5,1312.5,100,124,212,5
13552,1224.13400236128,1636.30873671783,1168.5,1540.5,108,176,213,5
6848,1236.39719626168,444.602803738318,1176.5,392.5,112,100,214,5
0,NaN,NaN,0.5,0.5,0,0,215,5
9728,1253.88815789474,636.828947368421,1192.5,588.5,124,96,216,5
7024,1269.64350797267,210.472665148064,1196.5,172.5,140,84,217,5
17424,1284.53856749311,734.117998163453,1200.5,664.5,180,136,218,5
8064,1247.54761904762,1482.52380952381,1200.5,1420.5,120,132,219,5
6352,1280.97858942065,504.777078085642,1212.5,472.5,124,76,220,5
0,NaN,NaN,0.5,0.5,0,0,221,5
0,NaN,NaN,0.5,0.5,0,0,222,5
15904,1311.05533199195,290.262575452716,1220.5,224.5,172,124,223,5
5536,1273.15895953757,561.193641618497,1220.5,520.5,104,76,224,5
1613008,1030.25130191543,610.420764187158,0.5,0.5,2048,1628,225,5
5616,1298.62535612536,372.75641025641,1244.5,340.5,108,68,226,5
4080,1299.64509803922,1567.3,1252.5,1536.5,96,64,227,5
3824,1293.49581589958,1516.39121338912,1256.5,1480.5,80,68,228,5
4256,1293.55263157895,1680.92105263158,1256.5,1636.5,84,84,229,5
14400,1366.24666666667,1634.75777777778,1272.5,1572.5,176,132,230,5
3168,1302.13636363636,436.338383838384,1276.5,400.5,52,76,231,5
0,NaN,NaN,0.5,0.5,0,0,232,5
5072,1360.17823343849,1719.92586750789,1304.5,1684.5,108,72,233,5
7728,1355.47722567288,592.139751552795,1308.5,532.5,96,112,234,5
12592,1404.05527318933,671.333545108005,1308.5,612.5,168,124,235,5
15056,1412.51912858661,199.634962805526,1320.5,136.5,176,128,236,5
3984,1369.71285140562,390.467871485944,1320.5,348.5,92,84,237,5
3200,1349.38,453.04,1324.5,412.5,56,76,238,5
8576,1402.84328358209,518.164179104478,1324.5,476.5,148,104,239,5
4288,1378.36567164179,1553.20149253731,1336.5,1516.5,80,76,240,5
2960,1370.06756756757,821.267567567568,1340.5,784.5,60,76,241,5
6976,1384.82110091743,1795.57339449541,1348.5,1732.5,84,132,242,5
1360,1370.68823529412,2029.08823529412,1348.5,2004.5,40,44,243,5
5280,1397.84545454545,758.536363636364,1352.5,716.5,96,84,244,5
4832,1406.77814569536,1928.34105960265,1360.5,1888.5,104,68,245,5
5552,1411.59510086455,450.684438040346,1372.5,396.5,92,96,246,5
3616,1408.97787610619,1982.19911504425,1372.5,1956.5,72,56,247,5
14560,1442.83846153846,312.473626373626,1380.5,236.5,124,156,248,5
9568,1440.42642140468,1854.19230769231,1384.5,1780.5,112,144,249,5
2944,1425.86956521739,2030,1384.5,2004.5,84,44,250,5
7584,1428.89662447257,832.643459915612,1388.5,764.5,88,136,251,5
0,NaN,NaN,0.5,0.5,0,0,252,5
3808,1437.17226890756,585.021008403361,1400.5,540.5,68,76,253,5
13920,1480.44022988506,1759.81494252874,1408.5,1688.5,136,168,254,5
0,NaN,NaN,0.5,0.5,0,0,255,5
4288,1458.11194029851,419.992537313433,1412.5,376.5,76,100,256,5
4688,1468.3976109215,1657.85836177474,1424.5,1612.5,76,96,257,5
5216,1479.18711656442,1976.6963190184,1440.5,1932.5,84,92,258,5
7584,1505.6223628692,757.87552742616,1444.5,712.5,120,92,259,5
11696,1510.62038303694,537.482216142271,1448.5,464.5,128,148,260,5
4928,1488.17532467532,854.694805194805,1448.5,804.5,80,92,261,5
13856,1518.60623556582,658.162817551963,1452.5,584.5,136,148,262,5
5920,1506.52162162162,940.532432432432,1460.5,896.5,92,92,263,5
4880,1503.85081967213,1893.7,1460.5,1836.5,80,108,264,5
4320,1522.48518518519,2029.62592592593,1464.5,1996.5,128,52,265,5
16976,1549.44816211122,412.28699340245,1476.5,336.5,152,156,266,5
11504,1560.20236439499,308.541724617524,1488.5,240.5,144,136,267,5
3888,1519.68518518519,1084.03086419753,1488.5,1036.5,60,88,268,5
8672,1548.91328413284,1656.41881918819,1488.5,1600.5,124,112,269,5
4400,1544.75454545455,813.976363636364,1500.5,764.5,76,100,270,5
3344,1542.71052631579,885.811004784689,1508.5,848.5,72,80,271,5
3392,1539.21698113208,1212.38679245283,1508.5,1176.5,64,76,272,5
4560,1560.75964912281,1947.93157894737,1508.5,1912.5,116,80,273,5
3728,1557.88197424893,1902.24248927039,1520.5,1856.5,92,80,274,5
0,NaN,NaN,0.5,0.5,0,0,275,5
0,NaN,NaN,0.5,0.5,0,0,276,5
14352,1598.38851727982,1751.3115942029,1524.5,1676.5,140,148,277,5
7312,1597.24835886214,1981.0295404814,1524.5,1912.5,124,124,278,5
8560,1589.83457943925,1849.16168224299,1528.5,1788.5,116,128,279,5
3632,1576.93171806167,1295.62775330396,1536.5,1264.5,80,64,280,5
2032,1578.12204724409,1252.92519685039,1544.5,1228.5,68,44,281,5
17952,1619.09893048128,536.57486631016,1552.5,448.5,136,192,282,5
9312,1609.58591065292,692.080756013746,1552.5,624.5,112,140,283,5
9600,1602.42,930.52,1552.5,864.5,104,136,284,5
9744,1616.23399014778,797.711822660099,1564.5,732.5,112,136,285,5
0,NaN,NaN,0.5,0.5,0,0,286,5
14048,1649.32460136674,1617.50683371298,1580.5,1544.5,148,160,287,5
4224,1643.74242424242,2022.37878787879,1592.5,1976.5,92,72,288,5
2336,1639.48630136986,1303.65068493151,1608.5,1280.5,64,52,289,5
8400,1651.86380952381,1490.29428571429,1608.5,1420.5,88,128,290,5
4800,1657.86,419.446666666667,1620.5,376.5,76,84,291,5
12480,1685.55641025641,847.633333333333,1624.5,772.5,116,152,292,5
6080,1685.02631578947,687.5,1628.5,640.5,116,104,293,5
16544,1692.02030947776,994.438104448743,1628.5,908.5,136,168,294,5
12992,1713.56896551724,1113.58866995074,1628.5,1056.5,160,124,295,5
5296,1671.28549848943,1352.33685800604,1636.5,1296.5,68,116,296,5
19456,1731.10197368421,1871.75657894737,1636.5,1812.5,196,132,297,5
6608,1696.14648910412,1697.37651331719,1640.5,1648.5,108,100,298,5
14688,1721.19281045752,1979.33660130719,1644.5,1916.5,152,132,299,5
4656,1700.83676975945,1415.11855670103,1656.5,1368.5,80,92,300,5
10416,1724.13440860215,1774.59831029186,1656.5,1716.5,132,104,301,5
6912,1714.23148148148,1259.83333333333,1664.5,1212.5,112,92,302,5
8896,1733.47841726619,727.564748201439,1672.5,664.5,124,124,303,5
3520,1712.80909090909,1184.84545454545,1676.5,1148.5,72,76,304,5
3104,1712.97422680412,1577.07731958763,1676.5,1544.5,68,72,305,5
6016,1724.79787234043,1504.95744680851,1684.5,1456.5,84,96,306,5
8032,1753.2171314741,1326.75498007968,1700.5,1272.5,120,108,307,5
9520,1769.90168067227,896.57731092437,1708.5,832.5,108,136,308,5
8016,1770.82734530938,1414.10079840319,1724.5,1348.5,104,132,309,5
4672,1759.04794520548,1642.93835616438,1724.5,1600.5,72,92,310,5
3008,1763.62765957447,1562.47872340426,1732.5,1524.5,72,76,311,5
11408,1798.4270687237,784.070827489481,1736.5,712.5,120,132,312,5
7440,1792.66774193548,1194.5,1736.5,1144.5,112,100,313,5
11856,1805.69568151147,1000.41632928475,1740.5,924.5,144,148,314,5
13280,1817.26144578313,1750.40843373494,1740.5,1676.5,144,164,315,5
1600,1787.66,2033.58,1756.5,2008.5,60,40,316,5
4848,1809.40429042904,1522.69801980198,1760.5,1484.5,96,72,317,5
8192,1839.3515625,1591.640625,1764.5,1548.5,140,92,318,5
6496,1836.57881773399,1472.89408866995,1768.5,1432.5,128,84,319,5
4736,1808.60810810811,1103.75675675676,1772.5,1060.5,76,88,320,5
9088,1843.33098591549,1275.84507042254,1772.5,1232.5,140,96,321,5
4192,1821.87404580153,1659.01908396947,1784.5,1620.5,76,76,322,5
9680,1842.10330578512,1972.37107438017,1784.5,1912.5,128,120,323,5
4816,1836.17441860465,1347.21760797342,1792.5,1308.5,96,84,324,5
5328,1845.82732732733,868.602102102102,1808.5,816.5,80,112,325,5
3648,1855.00877192982,1419.83333333333,1808.5,1388.5,92,60,326,5
7408,1863.58855291577,1883.64902807775,1808.5,1832.5,104,108,327,5
5136,1886.27570093458,2025.15420560748,1816.5,1984.5,128,64,328,5
11216,1894.42582025678,1029.80385164051,1824.5,960.5,132,124,329,5
7104,1886.35585585586,917.869369369369,1828.5,860.5,104,116,330,5
8352,1889.55747126437,1118.59195402299,1828.5,1072.5,120,96,331,5
12672,1906.14141414141,1205.5202020202,1828.5,1144.5,152,132,332,5
7376,1910.10086767896,1370.26572668113,1844.5,1320.5,124,96,333,5
4832,1903.10927152318,1526.85761589404,1852.5,1492.5,108,72,334,5
4448,1885.44964028777,1657.98201438849,1852.5,1608.5,72,96,335,5
5920,1890.31621621622,1781.81891891892,1856.5,1724.5,76,112,336,5
9200,1947.50173913043,1692.46173913043,1876.5,1636.5,132,104,337,5
10880,1948.78235294118,1456.22352941176,1884.5,1392.5,124,124,338,5
3888,1920.08024691358,1913.00205761317,1884.5,1860.5,76,96,339,5
8720,1955.0871559633,1596.34220183486,1892.5,1540.5,144,104,340,5
4288,1943.87313432836,1848.08208955224,1900.5,1812.5,88,88,341,5
13680,1984.21228070175,1286.25204678363,1904.5,1224.5,144,120,342,5
9824,1979.02768729642,1955.90716612378,1908.5,1904.5,140,108,343,5
3648,1942.55263157895,1780.14912280702,1912.5,1736.5,56,84,344,5
2464,1968.96753246753,2029.7987012987,1932.5,2000.5,72,48,345,5
0,NaN,NaN,0.5,0.5,0,0,346,5
7280,2008.34615384615,1544.44285714286,1944.5,1496.5,104,108,347,5
6096,2003.1719160105,1185.26115485564,1956.5,1140.5,92,88,348,5
5824,2007.41208791209,1878.23626373626,1956.5,1828.5,92,96,349,5
10192,2016.11381475667,1405.16875981162,1964.5,1328.5,84,172,350,5
5904,2002.83604336043,1766.69512195122,1964.5,1720.5,84,108,351,5
3856,2023.09751037344,2010.40041493776,1984.5,1964.5,64,84,352,5
5792,2022.85359116022,1667.22928176796,1988.5,1600.5,60,128,353,5
3040,2024.87894736842,1815.19473684211,1988.5,1776.5,60,72,354,5
